,title,year,genre,name
0,The Matrix,1999,action,Keanu Reeves
1,The Matrix,1999,action,
2,The Matrix,1999,action,Laurence Fishburne
3,The Matrix,1999,action,
4,The Matrix,1999,action,Carrie-Anne Moss
5,The Matrix,1999,action,
6,The Matrix,1999,action,Joe Pantoliano
7,The Matrix,1999,action,
8,The Matrix,1999,action,Hugo Weaving
9,The Lord of the Rings: The Fellowship of the Ring,2001,action,Elijah Wood
10,The Lord of the Rings: The Fellowship of the Ring,2001,action,
11,The Lord of the Rings: The Fellowship of the Ring,2001,action,Ian McKellen
12,The Lord of the Rings: The Fellowship of the Ring,2001,action,
13,The Lord of the Rings: The Fellowship of the Ring,2001,action,Viggo Mortensen
14,The Lord of the Rings: The Fellowship of the Ring,2001,action,
15,The Lord of the Rings: The Fellowship of the Ring,2001,action,Sean Astin
16,The Lord of the Rings: The Fellowship of the Ring,2001,action,
17,The Lord of the Rings: The Fellowship of the Ring,2001,action,Sean Bean
18,Gladiator,2000,action,Russell Crowe
19,Gladiator,2000,action,
20,Gladiator,2000,action,Joaquin Phoenix
21,Gladiator,2000,action,
22,Gladiator,2000,action,Connie Nielsen
23,Gladiator,2000,action,
24,Gladiator,2000,action,Oliver Reed
25,Gladiator,2000,action,
26,Gladiator,2000,action,Richard Harris
27,Kill Bill: Volume 1,2003,action,Uma Thurman
28,Kill Bill: Volume 1,2003,action,
29,Kill Bill: Volume 1,2003,action,Lucy Liu
30,Kill Bill: Volume 1,2003,action,
31,Kill Bill: Volume 1,2003,action,Daryl Hannah
32,Kill Bill: Volume 1,2003,action,
33,Kill Bill: Volume 1,2003,action,Vivica A. Fox
34,Kill Bill: Volume 1,2003,action,
35,Kill Bill: Volume 1,2003,action,Sonny Chiba
36,The Lord of the Rings: The Return of the King,2003,action,Elijah Wood
37,The Lord of the Rings: The Return of the King,2003,action,
38,The Lord of the Rings: The Return of the King,2003,action,Viggo Mortensen
39,The Lord of the Rings: The Return of the King,2003,action,
40,The Lord of the Rings: The Return of the King,2003,action,Ian McKellen
41,The Lord of the Rings: The Return of the King,2003,action,
42,The Lord of the Rings: The Return of the King,2003,action,Sean Astin
43,The Lord of the Rings: The Return of the King,2003,action,
44,The Lord of the Rings: The Return of the King,2003,action,Andy Serkis
45,The Lord of the Rings: The Two Towers,2002,action,Elijah Wood
46,The Lord of the Rings: The Two Towers,2002,action,
47,The Lord of the Rings: The Two Towers,2002,action,Viggo Mortensen
48,The Lord of the Rings: The Two Towers,2002,action,
49,The Lord of the Rings: The Two Towers,2002,action,Ian McKellen
50,The Lord of the Rings: The Two Towers,2002,action,
51,The Lord of the Rings: The Two Towers,2002,action,Sean Astin
52,The Lord of the Rings: The Two Towers,2002,action,
53,The Lord of the Rings: The Two Towers,2002,action,Andy Serkis
54,Avatar,2009,action,Sam Worthington
55,Avatar,2009,action,
56,Avatar,2009,action,Zoe Saldana
57,Avatar,2009,action,
58,Avatar,2009,action,Sigourney Weaver
59,Avatar,2009,action,
60,Avatar,2009,action,Stephen Lang
61,Avatar,2009,action,
62,Avatar,2009,action,Michelle Rodriguez
63,Inception,2010,action,Leonardo DiCaprio
64,Inception,2010,action,
65,Inception,2010,action,Joseph Gordon-Levitt
66,Inception,2010,action,
67,Inception,2010,action,Elliot Page
68,Inception,2010,action,
69,Inception,2010,action,Ken Watanabe
70,Inception,2010,action,
71,Inception,2010,action,Marion Cotillard
72,Inglourious Basterds,2009,action,Brad Pitt
73,Inglourious Basterds,2009,action,
74,Inglourious Basterds,2009,action,Christoph Waltz
75,Inglourious Basterds,2009,action,
76,Inglourious Basterds,2009,action,Mélanie Laurent
77,Inglourious Basterds,2009,action,
78,Inglourious Basterds,2009,action,Diane Kruger
79,Inglourious Basterds,2009,action,
80,Inglourious Basterds,2009,action,Michael Fassbender
81,Pirates of the Caribbean: The Curse of the Black Pearl,2003,action,Johnny Depp
82,Pirates of the Caribbean: The Curse of the Black Pearl,2003,action,
83,Pirates of the Caribbean: The Curse of the Black Pearl,2003,action,Orlando Bloom
84,Pirates of the Caribbean: The Curse of the Black Pearl,2003,action,
85,Pirates of the Caribbean: The Curse of the Black Pearl,2003,action,Keira Knightley
86,Pirates of the Caribbean: The Curse of the Black Pearl,2003,action,
87,Pirates of the Caribbean: The Curse of the Black Pearl,2003,action,Geoffrey Rush
88,Pirates of the Caribbean: The Curse of the Black Pearl,2003,action,
89,Pirates of the Caribbean: The Curse of the Black Pearl,2003,action,Jack Davenport
90,The Dark Knight,2008,action,Christian Bale
91,The Dark Knight,2008,action,
92,The Dark Knight,2008,action,Heath Ledger
93,The Dark Knight,2008,action,
94,The Dark Knight,2008,action,Aaron Eckhart
95,The Dark Knight,2008,action,
96,The Dark Knight,2008,action,Michael Caine
97,The Dark Knight,2008,action,
98,The Dark Knight,2008,action,Gary Oldman
99,300,2006,action,Gerard Butler
100,300,2006,action,
101,300,2006,action,Lena Headey
102,300,2006,action,
103,300,2006,action,David Wenham
104,300,2006,action,
105,300,2006,action,Dominic West
106,300,2006,action,
107,300,2006,action,Vincent Regan
108,The Terminator,1984,action,Arnold Schwarzenegger
109,The Terminator,1984,action,
110,The Terminator,1984,action,Linda Hamilton
111,The Terminator,1984,action,
112,The Terminator,1984,action,Michael Biehn
113,The Terminator,1984,action,
114,The Terminator,1984,action,Paul Winfield
115,The Terminator,1984,action,
116,The Terminator,1984,action,Lance Henriksen
117,Kill Bill: Volume 2,2004,action,Uma Thurman
118,Kill Bill: Volume 2,2004,action,
119,Kill Bill: Volume 2,2004,action,David Carradine
120,Kill Bill: Volume 2,2004,action,
121,Kill Bill: Volume 2,2004,action,Lucy Liu
122,Kill Bill: Volume 2,2004,action,
123,Kill Bill: Volume 2,2004,action,Vivica A. Fox
124,Kill Bill: Volume 2,2004,action,
125,Kill Bill: Volume 2,2004,action,Gordon Liu
126,Men in Black (MIB),1997,action,Tommy Lee Jones
127,Men in Black (MIB),1997,action,
128,Men in Black (MIB),1997,action,Will Smith
129,Men in Black (MIB),1997,action,
130,Men in Black (MIB),1997,action,Linda Fiorentino
131,Men in Black (MIB),1997,action,
132,Men in Black (MIB),1997,action,Vincent D'Onofrio
133,Men in Black (MIB),1997,action,
134,Men in Black (MIB),1997,action,Rip Torn
135,Reservoir Dogs,1992,action,Tim Roth
136,Reservoir Dogs,1992,action,
137,Reservoir Dogs,1992,action,Harvey Keitel
138,Reservoir Dogs,1992,action,
139,Reservoir Dogs,1992,action,Steve Buscemi
140,Reservoir Dogs,1992,action,
141,Reservoir Dogs,1992,action,Michael Madsen
142,Reservoir Dogs,1992,action,
143,Reservoir Dogs,1992,action,Chris Penn
144,The Departed,2006,action,Leonardo DiCaprio
145,The Departed,2006,action,
146,The Departed,2006,action,Matt Damon
147,The Departed,2006,action,
148,The Departed,2006,action,Jack Nicholson
149,The Departed,2006,action,
150,The Departed,2006,action,Mark Wahlberg
151,The Departed,2006,action,
152,The Departed,2006,action,Vera Farmiga
153,Blade Runner,1982,action,Harrison Ford
154,Blade Runner,1982,action,
155,Blade Runner,1982,action,Rutger Hauer
156,Blade Runner,1982,action,
157,Blade Runner,1982,action,Sean Young
158,Blade Runner,1982,action,
159,Blade Runner,1982,action,Daryl Hannah
160,Blade Runner,1982,action,
161,Blade Runner,1982,action,Edward James Olmos
162,Raiders of the Lost Ark,1981,action,Harrison Ford
163,Raiders of the Lost Ark,1981,action,
164,Raiders of the Lost Ark,1981,action,Karen Allen
165,Raiders of the Lost Ark,1981,action,
166,Raiders of the Lost Ark,1981,action,Paul Freeman
167,Raiders of the Lost Ark,1981,action,
168,Raiders of the Lost Ark,1981,action,Ronald Lacey
169,Raiders of the Lost Ark,1981,action,
170,Raiders of the Lost Ark,1981,action,John Rhys-Davies
171,V for Vendetta,2005,action,Natalie Portman
172,V for Vendetta,2005,action,
173,V for Vendetta,2005,action,Hugo Weaving
174,V for Vendetta,2005,action,
175,V for Vendetta,2005,action,Stephen Rea
176,V for Vendetta,2005,action,
177,V for Vendetta,2005,action,John Hurt
178,V for Vendetta,2005,action,
179,V for Vendetta,2005,action,Rupert Graves
180,City of God,2002,action,Alexandre Rodrigues
181,City of God,2002,action,
182,City of God,2002,action,Leandro Firmino
183,City of God,2002,action,
184,City of God,2002,action,Phellipe Haagensen
185,City of God,2002,action,
186,City of God,2002,action,Douglas Silva
187,City of God,2002,action,
188,City of God,2002,action,Seu Jorge
189,Terminator 2: Judgment Day,1991,action,Arnold Schwarzenegger
190,Terminator 2: Judgment Day,1991,action,
191,Terminator 2: Judgment Day,1991,action,Linda Hamilton
192,Terminator 2: Judgment Day,1991,action,
193,Terminator 2: Judgment Day,1991,action,Edward Furlong
194,Terminator 2: Judgment Day,1991,action,
195,Terminator 2: Judgment Day,1991,action,Robert Patrick
196,Terminator 2: Judgment Day,1991,action,
197,Terminator 2: Judgment Day,1991,action,Earl Boen
198,Sin City (Frank Miller's Sin City),2005,action,Bruce Willis
199,Sin City (Frank Miller's Sin City),2005,action,
200,Sin City (Frank Miller's Sin City),2005,action,Mickey Rourke
201,Sin City (Frank Miller's Sin City),2005,action,
202,Sin City (Frank Miller's Sin City),2005,action,Clive Owen
203,Sin City (Frank Miller's Sin City),2005,action,
204,Sin City (Frank Miller's Sin City),2005,action,Rosario Dawson
205,Sin City (Frank Miller's Sin City),2005,action,
206,Sin City (Frank Miller's Sin City),2005,action,Jessica Alba
207,Indiana Jones and the Last Crusade,1989,action,Harrison Ford
208,Indiana Jones and the Last Crusade,1989,action,
209,Indiana Jones and the Last Crusade,1989,action,Sean Connery
210,Indiana Jones and the Last Crusade,1989,action,
211,Indiana Jones and the Last Crusade,1989,action,Alison Doody
212,Indiana Jones and the Last Crusade,1989,action,
213,Indiana Jones and the Last Crusade,1989,action,Denholm Elliott
214,Indiana Jones and the Last Crusade,1989,action,
215,Indiana Jones and the Last Crusade,1989,action,John Rhys-Davies
216,Die Hard,1988,action,Bruce Willis
217,Die Hard,1988,action,
218,Die Hard,1988,action,Bonnie Bedelia
219,Die Hard,1988,action,
220,Die Hard,1988,action,Alan Rickman
221,Die Hard,1988,action,
222,Die Hard,1988,action,Alexander Godunov
223,Die Hard,1988,action,
224,Die Hard,1988,action,Paul Gleason
225,The Matrix Revolutions,2003,action,Keanu Reeves
226,The Matrix Revolutions,2003,action,
227,The Matrix Revolutions,2003,action,Laurence Fishburne
228,The Matrix Revolutions,2003,action,
229,The Matrix Revolutions,2003,action,Carrie-Anne Moss
230,The Matrix Revolutions,2003,action,
231,The Matrix Revolutions,2003,action,Hugo Weaving
232,The Matrix Revolutions,2003,action,
233,The Matrix Revolutions,2003,action,Jada Pinkett Smith
234,X-Men,2000,action,Hugh Jackman
235,X-Men,2000,action,
236,X-Men,2000,action,Patrick Stewart
237,X-Men,2000,action,
238,X-Men,2000,action,Ian McKellen
239,X-Men,2000,action,
240,X-Men,2000,action,Anna Paquin
241,X-Men,2000,action,
242,X-Men,2000,action,Halle Berry
243,Indiana Jones and the Temple of Doom,1984,action,Harrison Ford
244,Indiana Jones and the Temple of Doom,1984,action,
245,Indiana Jones and the Temple of Doom,1984,action,Kate Capshaw
246,Indiana Jones and the Temple of Doom,1984,action,
247,Indiana Jones and the Temple of Doom,1984,action,Ke Huy Quan
248,Indiana Jones and the Temple of Doom,1984,action,
249,Indiana Jones and the Temple of Doom,1984,action,Amrish Puri
250,Indiana Jones and the Temple of Doom,1984,action,
251,Indiana Jones and the Temple of Doom,1984,action,Roshan Seth
252,Batman,1989,action,Michael Keaton
253,Batman,1989,action,
254,Batman,1989,action,Jack Nicholson
255,Batman,1989,action,
256,Batman,1989,action,Kim Basinger
257,Batman,1989,action,
258,Batman,1989,action,Robert Wuhl
259,Batman,1989,action,
260,Batman,1989,action,Pat Hingle
261,Batman Begins,2005,action,Christian Bale
262,Batman Begins,2005,action,
263,Batman Begins,2005,action,Liam Neeson
264,Batman Begins,2005,action,
265,Batman Begins,2005,action,Katie Holmes
266,Batman Begins,2005,action,
267,Batman Begins,2005,action,Cillian Murphy
268,Batman Begins,2005,action,
269,Batman Begins,2005,action,Michael Caine
270,Forrest Gump,1994,comedy,Tom Hanks
271,Forrest Gump,1994,comedy,
272,Forrest Gump,1994,comedy,Robin Wright
273,Forrest Gump,1994,comedy,
274,Forrest Gump,1994,comedy,Gary Sinise
275,Forrest Gump,1994,comedy,
276,Forrest Gump,1994,comedy,Mykelti Williamson
277,Forrest Gump,1994,comedy,
278,Forrest Gump,1994,comedy,Sally Field
279,Life Is Beautiful,1997,comedy,Roberto Benigni
280,Life Is Beautiful,1997,comedy,
281,Life Is Beautiful,1997,comedy,Nicoletta Braschi
282,Life Is Beautiful,1997,comedy,
283,Life Is Beautiful,1997,comedy,Giorgio Cantarini
284,Life Is Beautiful,1997,comedy,
285,Life Is Beautiful,1997,comedy,Marisa Paredes
286,Life Is Beautiful,1997,comedy,
287,Life Is Beautiful,1997,comedy,Giustino Durano
288,American Beauty,1999,comedy,Kevin Spacey
289,American Beauty,1999,comedy,
290,American Beauty,1999,comedy,Annette Bening
291,American Beauty,1999,comedy,
292,American Beauty,1999,comedy,Thora Birch
293,American Beauty,1999,comedy,
294,American Beauty,1999,comedy,Allison Janney
295,American Beauty,1999,comedy,
296,American Beauty,1999,comedy,Peter Gallagher
297,The Lion King,1994,comedy,Matthew Broderick
298,The Lion King,1994,comedy,
299,The Lion King,1994,comedy,Jeremy Irons
300,The Lion King,1994,comedy,
301,The Lion King,1994,comedy,Jonathan Taylor Thomas
302,The Lion King,1994,comedy,
303,The Lion King,1994,comedy,Moira Kelly
304,Toy Story,1995,comedy,Tom Hanks
305,Toy Story,1995,comedy,
306,Toy Story,1995,comedy,Tim Allen
307,Toy Story,1995,comedy,
308,Toy Story,1995,comedy,Don Rickles
309,Toy Story,1995,comedy,
310,Toy Story,1995,comedy,Jim Varney
311,Amelie,2001,comedy,Audrey Tautou
312,Amelie,2001,comedy,
313,Amelie,2001,comedy,Mathieu Kassovitz
314,Amelie,2001,comedy,
315,Amelie,2001,comedy,Rufus Magloire
316,Amelie,2001,comedy,
317,Amelie,2001,comedy,Lorella Cravotta
318,Amelie,2001,comedy,
319,Amelie,2001,comedy,Serge Merlin
320,Inglourious Basterds,2009,comedy,Brad Pitt
321,Inglourious Basterds,2009,comedy,
322,Inglourious Basterds,2009,comedy,Christoph Waltz
323,Inglourious Basterds,2009,comedy,
324,Inglourious Basterds,2009,comedy,Mélanie Laurent
325,Inglourious Basterds,2009,comedy,
326,Inglourious Basterds,2009,comedy,Diane Kruger
327,Inglourious Basterds,2009,comedy,
328,Inglourious Basterds,2009,comedy,Michael Fassbender
329,Shrek,2001,comedy,Mike Myers
330,Shrek,2001,comedy,
331,Shrek,2001,comedy,Eddie Murphy
332,Shrek,2001,comedy,
333,Shrek,2001,comedy,Cameron Diaz
334,Shrek,2001,comedy,
335,Shrek,2001,comedy,John Lithgow
336,There's Something About Mary,1998,comedy,Cameron Diaz
337,There's Something About Mary,1998,comedy,
338,There's Something About Mary,1998,comedy,Ben Stiller
339,There's Something About Mary,1998,comedy,
340,There's Something About Mary,1998,comedy,Matt Dillon
341,There's Something About Mary,1998,comedy,
342,There's Something About Mary,1998,comedy,Chris Elliott
343,There's Something About Mary,1998,comedy,
344,There's Something About Mary,1998,comedy,Lee Evans
345,Pirates of the Caribbean: The Curse of the Black Pearl,2003,comedy,Johnny Depp
346,Pirates of the Caribbean: The Curse of the Black Pearl,2003,comedy,
347,Pirates of the Caribbean: The Curse of the Black Pearl,2003,comedy,Orlando Bloom
348,Pirates of the Caribbean: The Curse of the Black Pearl,2003,comedy,
349,Pirates of the Caribbean: The Curse of the Black Pearl,2003,comedy,Keira Knightley
350,Pirates of the Caribbean: The Curse of the Black Pearl,2003,comedy,
351,Pirates of the Caribbean: The Curse of the Black Pearl,2003,comedy,Geoffrey Rush
352,Pirates of the Caribbean: The Curse of the Black Pearl,2003,comedy,
353,Pirates of the Caribbean: The Curse of the Black Pearl,2003,comedy,Jack Davenport
354,"Monsters, Inc.",2001,comedy,John Goodman
355,"Monsters, Inc.",2001,comedy,
356,"Monsters, Inc.",2001,comedy,Billy Crystal
357,"Monsters, Inc.",2001,comedy,
358,"Monsters, Inc.",2001,comedy,Mary Gibbs
359,"Monsters, Inc.",2001,comedy,
360,"Monsters, Inc.",2001,comedy,Steve Buscemi
361,Up,2009,comedy,Ed Asner
362,Up,2009,comedy,
363,Up,2009,comedy,Christopher Plummer
364,Up,2009,comedy,
365,Up,2009,comedy,Jordan Nagai
366,Up,2009,comedy,
367,Up,2009,comedy,Bob Peterson
368,Finding Nemo,2003,comedy,Albert Brooks
369,Finding Nemo,2003,comedy,
370,Finding Nemo,2003,comedy,Ellen DeGeneres
371,Finding Nemo,2003,comedy,
372,Finding Nemo,2003,comedy,Alexander Gould
373,Finding Nemo,2003,comedy,
374,Finding Nemo,2003,comedy,Willem Dafoe
375,Back to the Future,1985,comedy,Michael J. Fox
376,Back to the Future,1985,comedy,
377,Back to the Future,1985,comedy,Christopher Lloyd
378,Back to the Future,1985,comedy,
379,Back to the Future,1985,comedy,Lea Thompson
380,Back to the Future,1985,comedy,
381,Back to the Future,1985,comedy,Crispin Glover
382,Back to the Future,1985,comedy,
383,Back to the Future,1985,comedy,Claudia Wells
384,Men in Black (MIB),1997,comedy,Tommy Lee Jones
385,Men in Black (MIB),1997,comedy,
386,Men in Black (MIB),1997,comedy,Will Smith
387,Men in Black (MIB),1997,comedy,
388,Men in Black (MIB),1997,comedy,Linda Fiorentino
389,Men in Black (MIB),1997,comedy,
390,Men in Black (MIB),1997,comedy,Vincent D'Onofrio
391,Men in Black (MIB),1997,comedy,
392,Men in Black (MIB),1997,comedy,Rip Torn
393,Snatch,2000,comedy,Jason Statham
394,Snatch,2000,comedy,
395,Snatch,2000,comedy,Stephen Graham
396,Snatch,2000,comedy,
397,Snatch,2000,comedy,Brad Pitt
398,Snatch,2000,comedy,
399,Snatch,2000,comedy,Alan Ford
400,Snatch,2000,comedy,
401,Snatch,2000,comedy,Vinnie Jones
402,As Good As It Gets,1997,comedy,Jack Nicholson
403,As Good As It Gets,1997,comedy,
404,As Good As It Gets,1997,comedy,Helen Hunt
405,As Good As It Gets,1997,comedy,
406,As Good As It Gets,1997,comedy,Greg Kinnear
407,As Good As It Gets,1997,comedy,
408,As Good As It Gets,1997,comedy,Cuba Gooding Jr.
409,As Good As It Gets,1997,comedy,
410,As Good As It Gets,1997,comedy,Skeet Ulrich
411,Shrek 2,2004,comedy,Mike Myers
412,Shrek 2,2004,comedy,
413,Shrek 2,2004,comedy,Eddie Murphy
414,Shrek 2,2004,comedy,
415,Shrek 2,2004,comedy,Cameron Diaz
416,Shrek 2,2004,comedy,
417,Shrek 2,2004,comedy,Antonio Banderas
418,Pretty Woman,1990,comedy,Julia Roberts
419,Pretty Woman,1990,comedy,
420,Pretty Woman,1990,comedy,Richard Gere
421,Pretty Woman,1990,comedy,
422,Pretty Woman,1990,comedy,Hector Elizondo
423,Pretty Woman,1990,comedy,
424,Pretty Woman,1990,comedy,Jason Alexander
425,Pretty Woman,1990,comedy,
426,Pretty Woman,1990,comedy,Ralph Bellamy
427,Dumb and Dumber,1994,comedy,Jim Carrey
428,Dumb and Dumber,1994,comedy,
429,Dumb and Dumber,1994,comedy,Jeff Daniels
430,Dumb and Dumber,1994,comedy,
431,Dumb and Dumber,1994,comedy,Lauren Holly
432,Dumb and Dumber,1994,comedy,
433,Dumb and Dumber,1994,comedy,Mike Starr
434,Dumb and Dumber,1994,comedy,
435,Dumb and Dumber,1994,comedy,Charles Rocket
436,The Truman Show,1998,comedy,Jim Carrey
437,The Truman Show,1998,comedy,
438,The Truman Show,1998,comedy,Laura Linney
439,The Truman Show,1998,comedy,
440,The Truman Show,1998,comedy,Noah Emmerich
441,The Truman Show,1998,comedy,
442,The Truman Show,1998,comedy,Ed Harris
443,The Truman Show,1998,comedy,
444,The Truman Show,1998,comedy,Natascha McElhone
445,The Big Lebowski,1998,comedy,Jeff Bridges
446,The Big Lebowski,1998,comedy,
447,The Big Lebowski,1998,comedy,John Goodman
448,The Big Lebowski,1998,comedy,
449,The Big Lebowski,1998,comedy,Julianne Moore
450,The Big Lebowski,1998,comedy,
451,The Big Lebowski,1998,comedy,Steve Buscemi
452,The Big Lebowski,1998,comedy,
453,The Big Lebowski,1998,comedy,David Huddleston
454,Home Alone,1990,comedy,Macaulay Culkin
455,Home Alone,1990,comedy,
456,Home Alone,1990,comedy,Joe Pesci
457,Home Alone,1990,comedy,
458,Home Alone,1990,comedy,Daniel Stern
459,Home Alone,1990,comedy,
460,Home Alone,1990,comedy,John Heard
461,Home Alone,1990,comedy,
462,Home Alone,1990,comedy,Roberts Blossom
463,Ice Age,2002,comedy,Ray Romano
464,Ice Age,2002,comedy,
465,Ice Age,2002,comedy,John Leguizamo
466,Ice Age,2002,comedy,
467,Ice Age,2002,comedy,Denis Leary
468,Ice Age,2002,comedy,
469,Ice Age,2002,comedy,Jack Black
470,Ice Age,2002,comedy,
471,Ice Age,2002,comedy,Alan Tudyk
472,Ghostbusters,1984,comedy,Bill Murray
473,Ghostbusters,1984,comedy,
474,Ghostbusters,1984,comedy,Dan Aykroyd
475,Ghostbusters,1984,comedy,
476,Ghostbusters,1984,comedy,Sigourney Weaver
477,Ghostbusters,1984,comedy,
478,Ghostbusters,1984,comedy,Harold Ramis
479,Ghostbusters,1984,comedy,
480,Ghostbusters,1984,comedy,Ernie Hudson
481,Toy Story 3,2010,comedy,Tom Hanks
482,Toy Story 3,2010,comedy,
483,Toy Story 3,2010,comedy,Tim Allen
484,Toy Story 3,2010,comedy,
485,Toy Story 3,2010,comedy,Joan Cusack
486,Toy Story 3,2010,comedy,
487,Toy Story 3,2010,comedy,Don Rickles
488,Toy Story 2,1999,comedy,Tom Hanks
489,Toy Story 2,1999,comedy,
490,Toy Story 2,1999,comedy,Tim Allen
491,Toy Story 2,1999,comedy,
492,Toy Story 2,1999,comedy,Joan Cusack
493,Toy Story 2,1999,comedy,
494,Toy Story 2,1999,comedy,Don Rickles
495,American Pie,1999,comedy,Jason Biggs
496,American Pie,1999,comedy,
497,American Pie,1999,comedy,Chris Klein
498,American Pie,1999,comedy,
499,American Pie,1999,comedy,Thomas Ian Nicholas
500,American Pie,1999,comedy,
501,American Pie,1999,comedy,Alyson Hannigan
502,American Pie,1999,comedy,
503,American Pie,1999,comedy,Shannon Elizabeth
504,The Intouchables,2011,comedy,François Cluzet
505,The Intouchables,2011,comedy,
506,The Intouchables,2011,comedy,Omar Sy
507,The Intouchables,2011,comedy,
508,The Intouchables,2011,comedy,Anne Le Ny
509,The Intouchables,2011,comedy,
510,The Intouchables,2011,comedy,Audrey Fleurot
511,The Intouchables,2011,comedy,
512,The Intouchables,2011,comedy,Clotilde Mollet
513,Scary Movie,2000,comedy,Anna Faris
514,Scary Movie,2000,comedy,
515,Scary Movie,2000,comedy,Jon Abrahams
516,Scary Movie,2000,comedy,
517,Scary Movie,2000,comedy,Carmen Electra
518,Scary Movie,2000,comedy,
519,Scary Movie,2000,comedy,Shannon Elizabeth
520,Scary Movie,2000,comedy,
521,Scary Movie,2000,comedy,Kurt Fuller
522,Forrest Gump,1994,drama,Tom Hanks
523,Forrest Gump,1994,drama,
524,Forrest Gump,1994,drama,Robin Wright
525,Forrest Gump,1994,drama,
526,Forrest Gump,1994,drama,Gary Sinise
527,Forrest Gump,1994,drama,
528,Forrest Gump,1994,drama,Mykelti Williamson
529,Forrest Gump,1994,drama,
530,Forrest Gump,1994,drama,Sally Field
531,Life Is Beautiful,1997,drama,Roberto Benigni
532,Life Is Beautiful,1997,drama,
533,Life Is Beautiful,1997,drama,Nicoletta Braschi
534,Life Is Beautiful,1997,drama,
535,Life Is Beautiful,1997,drama,Giorgio Cantarini
536,Life Is Beautiful,1997,drama,
537,Life Is Beautiful,1997,drama,Marisa Paredes
538,Life Is Beautiful,1997,drama,
539,Life Is Beautiful,1997,drama,Giustino Durano
540,Fight Club,1999,drama,Edward Norton
541,Fight Club,1999,drama,
542,Fight Club,1999,drama,Brad Pitt
543,Fight Club,1999,drama,
544,Fight Club,1999,drama,Helena Bonham Carter
545,Fight Club,1999,drama,
546,Fight Club,1999,drama,Meat Loaf
547,Fight Club,1999,drama,
548,Fight Club,1999,drama,Jared Leto
549,Gladiator,2000,drama,Russell Crowe
550,Gladiator,2000,drama,
551,Gladiator,2000,drama,Joaquin Phoenix
552,Gladiator,2000,drama,
553,Gladiator,2000,drama,Connie Nielsen
554,Gladiator,2000,drama,
555,Gladiator,2000,drama,Oliver Reed
556,Gladiator,2000,drama,
557,Gladiator,2000,drama,Richard Harris
558,Titanic,1997,drama,Leonardo DiCaprio
559,Titanic,1997,drama,
560,Titanic,1997,drama,Kate Winslet
561,Titanic,1997,drama,
562,Titanic,1997,drama,Billy Zane
563,Titanic,1997,drama,
564,Titanic,1997,drama,Kathy Bates
565,Titanic,1997,drama,
566,Titanic,1997,drama,Frances Fisher
567,Schindler's List,1993,drama,Liam Neeson
568,Schindler's List,1993,drama,
569,Schindler's List,1993,drama,Ben Kingsley
570,Schindler's List,1993,drama,
571,Schindler's List,1993,drama,Ralph Fiennes
572,Schindler's List,1993,drama,
573,Schindler's List,1993,drama,Caroline Goodall
574,Schindler's List,1993,drama,
575,Schindler's List,1993,drama,Jonathan Sagall
576,American Beauty,1999,drama,Kevin Spacey
577,American Beauty,1999,drama,
578,American Beauty,1999,drama,Annette Bening
579,American Beauty,1999,drama,
580,American Beauty,1999,drama,Thora Birch
581,American Beauty,1999,drama,
582,American Beauty,1999,drama,Allison Janney
583,American Beauty,1999,drama,
584,American Beauty,1999,drama,Peter Gallagher
585,The Shawshank Redemption,1994,drama,Tim Robbins
586,The Shawshank Redemption,1994,drama,
587,The Shawshank Redemption,1994,drama,Morgan Freeman
588,The Shawshank Redemption,1994,drama,
589,The Shawshank Redemption,1994,drama,Bob Gunton
590,The Shawshank Redemption,1994,drama,
591,The Shawshank Redemption,1994,drama,James Whitmore
592,The Shawshank Redemption,1994,drama,
593,The Shawshank Redemption,1994,drama,Gil Bellows
594,Million Dollar Baby,2004,drama,Clint Eastwood
595,Million Dollar Baby,2004,drama,
596,Million Dollar Baby,2004,drama,Hilary Swank
597,Million Dollar Baby,2004,drama,
598,Million Dollar Baby,2004,drama,Morgan Freeman
599,Million Dollar Baby,2004,drama,
600,Million Dollar Baby,2004,drama,Anthony Mackie
601,Million Dollar Baby,2004,drama,
602,Million Dollar Baby,2004,drama,Jay Baruchel
603,The Sixth Sense,1999,drama,Haley Joel Osment
604,The Sixth Sense,1999,drama,
605,The Sixth Sense,1999,drama,Bruce Willis
606,The Sixth Sense,1999,drama,
607,The Sixth Sense,1999,drama,Toni Collette
608,The Sixth Sense,1999,drama,
609,The Sixth Sense,1999,drama,Olivia Williams
610,The Sixth Sense,1999,drama,
611,The Sixth Sense,1999,drama,Trevor Morgan
612,The Lion King,1994,drama,Matthew Broderick
613,The Lion King,1994,drama,
614,The Lion King,1994,drama,Jeremy Irons
615,The Lion King,1994,drama,
616,The Lion King,1994,drama,Jonathan Taylor Thomas
617,The Lion King,1994,drama,
618,The Lion King,1994,drama,Moira Kelly
619,Amelie,2001,drama,Audrey Tautou
620,Amelie,2001,drama,
621,Amelie,2001,drama,Mathieu Kassovitz
622,Amelie,2001,drama,
623,Amelie,2001,drama,Rufus Magloire
624,Amelie,2001,drama,
625,Amelie,2001,drama,Lorella Cravotta
626,Amelie,2001,drama,
627,Amelie,2001,drama,Serge Merlin
628,E.T. the Extra-Terrestrial,1982,drama,Henry Thomas
629,E.T. the Extra-Terrestrial,1982,drama,
630,E.T. the Extra-Terrestrial,1982,drama,Dee Wallace
631,E.T. the Extra-Terrestrial,1982,drama,
632,E.T. the Extra-Terrestrial,1982,drama,Robert MacNaughton
633,E.T. the Extra-Terrestrial,1982,drama,
634,E.T. the Extra-Terrestrial,1982,drama,Drew Barrymore
635,E.T. the Extra-Terrestrial,1982,drama,
636,E.T. the Extra-Terrestrial,1982,drama,Peter Coyote
637,The Dark Knight,2008,drama,Christian Bale
638,The Dark Knight,2008,drama,
639,The Dark Knight,2008,drama,Heath Ledger
640,The Dark Knight,2008,drama,
641,The Dark Knight,2008,drama,Aaron Eckhart
642,The Dark Knight,2008,drama,
643,The Dark Knight,2008,drama,Michael Caine
644,The Dark Knight,2008,drama,
645,The Dark Knight,2008,drama,Gary Oldman
646,Braveheart,1995,drama,Mel Gibson
647,Braveheart,1995,drama,
648,Braveheart,1995,drama,Sophie Marceau
649,Braveheart,1995,drama,
650,Braveheart,1995,drama,Patrick McGoohan
651,Braveheart,1995,drama,
652,Braveheart,1995,drama,Angus MacFadyen
653,Braveheart,1995,drama,
654,Braveheart,1995,drama,Catherine McCormack
655,American History X,1998,drama,Edward Norton
656,American History X,1998,drama,
657,American History X,1998,drama,Edward Furlong
658,American History X,1998,drama,
659,American History X,1998,drama,Fairuza Balk
660,American History X,1998,drama,
661,American History X,1998,drama,Stacy Keach
662,American History X,1998,drama,
663,American History X,1998,drama,Elliott Gould
664,The Pianist,2002,drama,Adrien Brody
665,The Pianist,2002,drama,
666,The Pianist,2002,drama,Thomas Kretschmann
667,The Pianist,2002,drama,
668,The Pianist,2002,drama,Maureen Lipman
669,The Pianist,2002,drama,
670,The Pianist,2002,drama,Ed Stoppard
671,The Pianist,2002,drama,
672,The Pianist,2002,drama,Emilia Fox
673,Gran Torino,2008,drama,Clint Eastwood
674,Gran Torino,2008,drama,
675,Gran Torino,2008,drama,Christopher Carley
676,Gran Torino,2008,drama,
677,Gran Torino,2008,drama,Bee Vang
678,Gran Torino,2008,drama,
679,Gran Torino,2008,drama,Ahney Her
680,Gran Torino,2008,drama,
681,Gran Torino,2008,drama,John Carroll Lynch
682,Mystic River,2003,drama,Sean Penn
683,Mystic River,2003,drama,
684,Mystic River,2003,drama,Tim Robbins
685,Mystic River,2003,drama,
686,Mystic River,2003,drama,Kevin Bacon
687,Mystic River,2003,drama,
688,Mystic River,2003,drama,Laurence Fishburne
689,Mystic River,2003,drama,
690,Mystic River,2003,drama,Marcia Gay Harden
691,The Departed,2006,drama,Leonardo DiCaprio
692,The Departed,2006,drama,
693,The Departed,2006,drama,Matt Damon
694,The Departed,2006,drama,
695,The Departed,2006,drama,Jack Nicholson
696,The Departed,2006,drama,
697,The Departed,2006,drama,Mark Wahlberg
698,The Departed,2006,drama,
699,The Departed,2006,drama,Vera Farmiga
700,Trainspotting,1996,drama,Ewan McGregor
701,Trainspotting,1996,drama,
702,Trainspotting,1996,drama,Robert Carlyle
703,Trainspotting,1996,drama,
704,Trainspotting,1996,drama,Jonny Lee Miller
705,Trainspotting,1996,drama,
706,Trainspotting,1996,drama,Ewen Bremner
707,Trainspotting,1996,drama,
708,Trainspotting,1996,drama,Kelly MacDonald
709,Slumdog Millionaire,2008,drama,Dev Patel
710,Slumdog Millionaire,2008,drama,
711,Slumdog Millionaire,2008,drama,Freida Pinto
712,Slumdog Millionaire,2008,drama,
713,Slumdog Millionaire,2008,drama,Madhur Mittal
714,Slumdog Millionaire,2008,drama,
715,Slumdog Millionaire,2008,drama,Anil Kapoor
716,Slumdog Millionaire,2008,drama,
717,Slumdog Millionaire,2008,drama,Irrfan Khan
718,As Good As It Gets,1997,drama,Jack Nicholson
719,As Good As It Gets,1997,drama,
720,As Good As It Gets,1997,drama,Helen Hunt
721,As Good As It Gets,1997,drama,
722,As Good As It Gets,1997,drama,Greg Kinnear
723,As Good As It Gets,1997,drama,
724,As Good As It Gets,1997,drama,Cuba Gooding Jr.
725,As Good As It Gets,1997,drama,
726,As Good As It Gets,1997,drama,Skeet Ulrich
727,Big Fish,2003,drama,Ewan McGregor
728,Big Fish,2003,drama,
729,Big Fish,2003,drama,Albert Finney
730,Big Fish,2003,drama,
731,Big Fish,2003,drama,Billy Crudup
732,Big Fish,2003,drama,
733,Big Fish,2003,drama,Jessica Lange
734,Big Fish,2003,drama,
735,Big Fish,2003,drama,Alison Lohman
736,City of God,2002,drama,Alexandre Rodrigues
737,City of God,2002,drama,
738,City of God,2002,drama,Leandro Firmino
739,City of God,2002,drama,
740,City of God,2002,drama,Phellipe Haagensen
741,City of God,2002,drama,
742,City of God,2002,drama,Douglas Silva
743,City of God,2002,drama,
744,City of God,2002,drama,Seu Jorge
745,Moulin Rouge,2001,drama,Nicole Kidman
746,Moulin Rouge,2001,drama,
747,Moulin Rouge,2001,drama,Ewan McGregor
748,Moulin Rouge,2001,drama,
749,Moulin Rouge,2001,drama,John Leguizamo
750,Moulin Rouge,2001,drama,
751,Moulin Rouge,2001,drama,David Wenham
752,Moulin Rouge,2001,drama,
753,Moulin Rouge,2001,drama,Jim Broadbent
754,The Truman Show,1998,drama,Jim Carrey
755,The Truman Show,1998,drama,
756,The Truman Show,1998,drama,Laura Linney
757,The Truman Show,1998,drama,
758,The Truman Show,1998,drama,Noah Emmerich
759,The Truman Show,1998,drama,
760,The Truman Show,1998,drama,Ed Harris
761,The Truman Show,1998,drama,
762,The Truman Show,1998,drama,Natascha McElhone
763,The Curious Case of Benjamin Button,2008,drama,Brad Pitt
764,The Curious Case of Benjamin Button,2008,drama,
765,The Curious Case of Benjamin Button,2008,drama,Cate Blanchett
766,The Curious Case of Benjamin Button,2008,drama,
767,The Curious Case of Benjamin Button,2008,drama,Taraji P. Henson
768,The Curious Case of Benjamin Button,2008,drama,
769,The Curious Case of Benjamin Button,2008,drama,Tilda Swinton
770,The Curious Case of Benjamin Button,2008,drama,
771,The Curious Case of Benjamin Button,2008,drama,Jason Flemyng
772,Full Metal Jacket,1987,drama,Matthew Modine
773,Full Metal Jacket,1987,drama,
774,Full Metal Jacket,1987,drama,Vincent D'Onofrio
775,Full Metal Jacket,1987,drama,
776,Full Metal Jacket,1987,drama,R. Lee Ermey
777,Full Metal Jacket,1987,drama,
778,Full Metal Jacket,1987,drama,Adam Baldwin
779,Full Metal Jacket,1987,drama,
780,Full Metal Jacket,1987,drama,Arliss Howard
781,Requiem for a Dream,2000,drama,Jared Leto
782,Requiem for a Dream,2000,drama,
783,Requiem for a Dream,2000,drama,Jennifer Connelly
784,Requiem for a Dream,2000,drama,
785,Requiem for a Dream,2000,drama,Ellen Burstyn
786,Requiem for a Dream,2000,drama,
787,Requiem for a Dream,2000,drama,Marlon Wayans
788,Requiem for a Dream,2000,drama,
789,Requiem for a Dream,2000,drama,Christopher McDonald
790,The Silence of the Lambs,1991,horror,Jodie Foster
791,The Silence of the Lambs,1991,horror,
792,The Silence of the Lambs,1991,horror,Anthony Hopkins
793,The Silence of the Lambs,1991,horror,
794,The Silence of the Lambs,1991,horror,Scott Glenn
795,The Silence of the Lambs,1991,horror,
796,The Silence of the Lambs,1991,horror,Ted Levine
797,The Silence of the Lambs,1991,horror,
798,The Silence of the Lambs,1991,horror,Anthony Heald
799,The Sixth Sense,1999,horror,Haley Joel Osment
800,The Sixth Sense,1999,horror,
801,The Sixth Sense,1999,horror,Bruce Willis
802,The Sixth Sense,1999,horror,
803,The Sixth Sense,1999,horror,Toni Collette
804,The Sixth Sense,1999,horror,
805,The Sixth Sense,1999,horror,Olivia Williams
806,The Sixth Sense,1999,horror,
807,The Sixth Sense,1999,horror,Trevor Morgan
808,The Others,2001,horror,Nicole Kidman
809,The Others,2001,horror,
810,The Others,2001,horror,Fionnula Flanagan
811,The Others,2001,horror,
812,The Others,2001,horror,Christopher Eccleston
813,The Others,2001,horror,
814,The Others,2001,horror,Alakina Mann
815,The Others,2001,horror,
816,The Others,2001,horror,James Bentley
817,The Shining,1980,horror,Jack Nicholson
818,The Shining,1980,horror,
819,The Shining,1980,horror,Shelley Duvall
820,The Shining,1980,horror,
821,The Shining,1980,horror,Danny Lloyd
822,The Shining,1980,horror,
823,The Shining,1980,horror,Scatman Crothers
824,The Shining,1980,horror,
825,The Shining,1980,horror,Barry Nelson
826,Scary Movie,2000,horror,Anna Faris
827,Scary Movie,2000,horror,
828,Scary Movie,2000,horror,Jon Abrahams
829,Scary Movie,2000,horror,
830,Scary Movie,2000,horror,Carmen Electra
831,Scary Movie,2000,horror,
832,Scary Movie,2000,horror,Shannon Elizabeth
833,Scary Movie,2000,horror,
834,Scary Movie,2000,horror,Kurt Fuller
835,Saw,2004,horror,Cary Elwes
836,Saw,2004,horror,
837,Saw,2004,horror,Leigh Whannell
838,Saw,2004,horror,
839,Saw,2004,horror,Danny Glover
840,Saw,2004,horror,
841,Saw,2004,horror,Monica Potter
842,Saw,2004,horror,
843,Saw,2004,horror,Dina Meyer
844,I Am Legend,2007,horror,Will Smith
845,I Am Legend,2007,horror,
846,I Am Legend,2007,horror,Alice Braga
847,I Am Legend,2007,horror,
848,I Am Legend,2007,horror,Salli Richardson-Whitfield
849,I Am Legend,2007,horror,
850,I Am Legend,2007,horror,Paradox Pollack
851,I Am Legend,2007,horror,
852,I Am Legend,2007,horror,Charlie Tahan
853,Gremlins,1984,horror,Zach Galligan
854,Gremlins,1984,horror,
855,Gremlins,1984,horror,Phoebe Cates
856,Gremlins,1984,horror,
857,Gremlins,1984,horror,Hoyt Axton
858,Gremlins,1984,horror,
859,Gremlins,1984,horror,Frances Lee McCain
860,Gremlins,1984,horror,
861,Gremlins,1984,horror,Dick Miller
862,The Nightmare Before Christmas,1993,horror,Chris Sarandon
863,The Nightmare Before Christmas,1993,horror,
864,The Nightmare Before Christmas,1993,horror,Catherine O'Hara
865,The Nightmare Before Christmas,1993,horror,
866,The Nightmare Before Christmas,1993,horror,William Hickey
867,The Nightmare Before Christmas,1993,horror,
868,The Nightmare Before Christmas,1993,horror,Glenn Shadix
869,Corpse Bride,2005,horror,Johnny Depp
870,Corpse Bride,2005,horror,
871,Corpse Bride,2005,horror,Helena Bonham Carter
872,Corpse Bride,2005,horror,
873,Corpse Bride,2005,horror,Emily Watson
874,Corpse Bride,2005,horror,
875,Corpse Bride,2005,horror,Albert Finney
876,The Blair Witch Project,1999,horror,Heather Donahue
877,The Blair Witch Project,1999,horror,
878,The Blair Witch Project,1999,horror,Michael C. Williams
879,The Blair Witch Project,1999,horror,
880,The Blair Witch Project,1999,horror,Joshua Leonard
881,The Blair Witch Project,1999,horror,
882,The Blair Witch Project,1999,horror,Patricia DeCou
883,The Orphanage,2007,horror,Belén Rueda
884,The Orphanage,2007,horror,
885,The Orphanage,2007,horror,Fernando Cayo
886,The Orphanage,2007,horror,
887,The Orphanage,2007,horror,Roger Príncep
888,The Orphanage,2007,horror,
889,The Orphanage,2007,horror,Geraldine Chaplin
890,The Orphanage,2007,horror,
891,The Orphanage,2007,horror,Mabel Rivera
892,Blade,1998,horror,Wesley Snipes
893,Blade,1998,horror,
894,Blade,1998,horror,Stephen Dorff
895,Blade,1998,horror,
896,Blade,1998,horror,Kris Kristofferson
897,Blade,1998,horror,
898,Blade,1998,horror,Sanaa Lathan
899,Blade,1998,horror,
900,Blade,1998,horror,Donal Logue
901,Bram Stoker's Dracula,1992,horror,Gary Oldman
902,Bram Stoker's Dracula,1992,horror,
903,Bram Stoker's Dracula,1992,horror,Winona Ryder
904,Bram Stoker's Dracula,1992,horror,
905,Bram Stoker's Dracula,1992,horror,Anthony Hopkins
906,Bram Stoker's Dracula,1992,horror,
907,Bram Stoker's Dracula,1992,horror,Keanu Reeves
908,Bram Stoker's Dracula,1992,horror,
909,Bram Stoker's Dracula,1992,horror,Richard E. Grant
910,[•REC],2007,horror,Manuela Velasco
911,[•REC],2007,horror,
912,[•REC],2007,horror,Ferrán Terraza
913,[•REC],2007,horror,
914,[•REC],2007,horror,Jorge Serrano
915,[•REC],2007,horror,
916,[•REC],2007,horror,Pablo Rosso
917,[•REC],2007,horror,
918,[•REC],2007,horror,David Vert
919,Sleepy Hollow,1999,horror,Johnny Depp
920,Sleepy Hollow,1999,horror,
921,Sleepy Hollow,1999,horror,Christina Ricci
922,Sleepy Hollow,1999,horror,
923,Sleepy Hollow,1999,horror,Miranda Richardson
924,Sleepy Hollow,1999,horror,
925,Sleepy Hollow,1999,horror,Michael Gambon
926,Sleepy Hollow,1999,horror,
927,Sleepy Hollow,1999,horror,Casper Van Dien
928,War of the Worlds,2005,horror,Tom Cruise
929,War of the Worlds,2005,horror,
930,War of the Worlds,2005,horror,Dakota Fanning
931,War of the Worlds,2005,horror,
932,War of the Worlds,2005,horror,Justin Chatwin
933,War of the Worlds,2005,horror,
934,War of the Worlds,2005,horror,Tim Robbins
935,War of the Worlds,2005,horror,
936,War of the Worlds,2005,horror,Miranda Otto
937,28 Days Later,2002,horror,Cillian Murphy
938,28 Days Later,2002,horror,
939,28 Days Later,2002,horror,Naomie Harris
940,28 Days Later,2002,horror,
941,28 Days Later,2002,horror,Megan Burns
942,28 Days Later,2002,horror,
943,28 Days Later,2002,horror,Brendan Gleeson
944,28 Days Later,2002,horror,
945,28 Days Later,2002,horror,Christopher Eccleston
946,The Ring,2002,horror,Naomi Watts
947,The Ring,2002,horror,
948,The Ring,2002,horror,Martin Henderson
949,The Ring,2002,horror,
950,The Ring,2002,horror,Brian Cox
951,The Ring,2002,horror,
952,The Ring,2002,horror,David Dorfman
953,The Ring,2002,horror,
954,The Ring,2002,horror,Daveigh Chase
955,Cube,1997,horror,Maurice Dean Wint
956,Cube,1997,horror,
957,Cube,1997,horror,Nicole de Boer
958,Cube,1997,horror,
959,Cube,1997,horror,Nicky Guadagni
960,Cube,1997,horror,
961,Cube,1997,horror,David Hewlett
962,Cube,1997,horror,
963,Cube,1997,horror,Andrew Miller
964,The Day of the Beast,1995,horror,Álex Angulo
965,The Day of the Beast,1995,horror,
966,The Day of the Beast,1995,horror,Santiago Segura
967,The Day of the Beast,1995,horror,
968,The Day of the Beast,1995,horror,Armando de Razza
969,The Day of the Beast,1995,horror,
970,The Day of the Beast,1995,horror,María Grazia Cucinotta
971,The Day of the Beast,1995,horror,
972,The Day of the Beast,1995,horror,Terele Pávez
973,World War Z,2013,horror,Brad Pitt
974,World War Z,2013,horror,
975,World War Z,2013,horror,Mireille Enos
976,World War Z,2013,horror,
977,World War Z,2013,horror,Daniella Kertesz
978,World War Z,2013,horror,
979,World War Z,2013,horror,David Morse
980,World War Z,2013,horror,
981,World War Z,2013,horror,Matthew Fox
982,I Know What You Did Last Summer,1997,horror,Jennifer Love Hewitt
983,I Know What You Did Last Summer,1997,horror,
984,I Know What You Did Last Summer,1997,horror,Sarah Michelle Gellar
985,I Know What You Did Last Summer,1997,horror,
986,I Know What You Did Last Summer,1997,horror,Ryan Phillippe
987,I Know What You Did Last Summer,1997,horror,
988,I Know What You Did Last Summer,1997,horror,Freddie Prinze Jr.
989,I Know What You Did Last Summer,1997,horror,
990,I Know What You Did Last Summer,1997,horror,Johnny Galecki
991,Interview With the Vampire,1994,horror,Tom Cruise
992,Interview With the Vampire,1994,horror,
993,Interview With the Vampire,1994,horror,Brad Pitt
994,Interview With the Vampire,1994,horror,
995,Interview With the Vampire,1994,horror,Kirsten Dunst
996,Interview With the Vampire,1994,horror,
997,Interview With the Vampire,1994,horror,Antonio Banderas
998,Interview With the Vampire,1994,horror,
999,Interview With the Vampire,1994,horror,Christian Slater
1000,Scream,1996,horror,Neve Campbell
1001,Scream,1996,horror,
1002,Scream,1996,horror,David Arquette
1003,Scream,1996,horror,
1004,Scream,1996,horror,Courteney Cox
1005,Scream,1996,horror,
1006,Scream,1996,horror,Matthew Lillard
1007,Scream,1996,horror,
1008,Scream,1996,horror,Rose McGowan
1009,Zombieland,2009,horror,Jesse Eisenberg
1010,Zombieland,2009,horror,
1011,Zombieland,2009,horror,Woody Harrelson
1012,Zombieland,2009,horror,
1013,Zombieland,2009,horror,Emma Stone
1014,Zombieland,2009,horror,
1015,Zombieland,2009,horror,Abigail Breslin
1016,Zombieland,2009,horror,
1017,Zombieland,2009,horror,Amber Heard
1018,American Psycho,2000,horror,Christian Bale
1019,American Psycho,2000,horror,
1020,American Psycho,2000,horror,Willem Dafoe
1021,American Psycho,2000,horror,
1022,American Psycho,2000,horror,Jared Leto
1023,American Psycho,2000,horror,
1024,American Psycho,2000,horror,Josh Lucas
1025,American Psycho,2000,horror,
1026,American Psycho,2000,horror,Samantha Mathis
1027,From Dusk Till Dawn,1996,horror,George Clooney
1028,From Dusk Till Dawn,1996,horror,
1029,From Dusk Till Dawn,1996,horror,Harvey Keitel
1030,From Dusk Till Dawn,1996,horror,
1031,From Dusk Till Dawn,1996,horror,Juliette Lewis
1032,From Dusk Till Dawn,1996,horror,
1033,From Dusk Till Dawn,1996,horror,Quentin Tarantino
1034,From Dusk Till Dawn,1996,horror,
1035,From Dusk Till Dawn,1996,horror,Salma Hayek
1036,Final Destination,2000,horror,Devon Sawa
1037,Final Destination,2000,horror,
1038,Final Destination,2000,horror,Ali Larter
1039,Final Destination,2000,horror,
1040,Final Destination,2000,horror,Kerr Smith
1041,Final Destination,2000,horror,
1042,Final Destination,2000,horror,Seann William Scott
1043,Final Destination,2000,horror,
1044,Final Destination,2000,horror,Kristen Cloke
1045,Let the Right One In,2008,horror,Kåre Hedebrant
1046,Let the Right One In,2008,horror,
1047,Let the Right One In,2008,horror,Lina Leandersson
1048,Let the Right One In,2008,horror,
1049,Let the Right One In,2008,horror,Per Ragnar
1050,Let the Right One In,2008,horror,
1051,Let the Right One In,2008,horror,Henrik Dahl
1052,Let the Right One In,2008,horror,
1053,Let the Right One In,2008,horror,Karin Bergquist
